zip5,lat,lon,city_label,geocoded_at,source
98501,47.0077191,-122.8741364,98501,2026-02-05T23:09:19.343853,
98513,47.0109591,-122.7632327,98513,2026-02-05T23:09:20.568066,
98572,46.5732034,-123.3002034,98572,2026-02-05T23:09:25.943017,
98516,47.0857633,-122.7773849,98516,2026-02-05T23:09:26.966865,
98548,47.407094,-123.1552617,98548,2026-02-05T23:09:28.148486,
98563,47.082934,-123.6702201,98563,2026-02-05T23:09:29.177806,
98503,47.0243619,-122.8044739,98503,2026-02-05T23:09:30.456494,
98577,46.6559066,-123.6940369,98577,2026-02-05T23:09:31.387317,
98532,46.6416819,-122.8791873,98532,2026-02-05T23:09:32.590136,
98585,46.5232915,-122.5903754,98585,2026-02-05T23:09:33.598250,
98520,46.9763949,-123.7948217,98520,2026-02-05T23:09:34.823897,
98568,46.8533884,-123.256971,98568,2026-02-05T23:09:35.817554,
98597,46.9032555,-122.5709511,98597,2026-02-05T23:09:37.097892,
98596,46.4919164,-122.9153618,98596,2026-02-05T23:09:38.085952,
98512,46.9821951,-122.9576539,98512,2026-02-05T23:09:39.315105,
98542,46.531585,-122.731744,98542,2026-02-05T23:09:40.359571,
98579,46.8234639,-123.0460824,98579,2026-02-05T23:09:41.494463,
98328,46.8714503,-122.2874494,98328,2026-02-05T23:09:42.789553,
98569,47.0051274,-124.1610899,98569,2026-02-05T23:09:43.654004,
98591,46.4389039,-122.8343002,98591,2026-02-05T23:09:44.631234,
98506,47.0730622,-122.8675069,98506,2026-02-05T23:09:45.796829,
98541,46.9839276,-123.3561743,98541,2026-02-05T23:09:46.834890,
98576,46.8811109,-122.6770764,98576,2026-02-05T23:09:48.218965,
98564,46.5247882,-122.4786691,98564,2026-02-05T23:09:49.124291,
98502,47.0705315,-122.9511285,98502,2026-02-05T23:09:50.319335,
98377,46.4883756,-121.8514169,98377,2026-02-05T23:09:51.245663,
98584,47.1779961,-123.0563424,98584,2026-02-05T23:09:52.523179,
98550,46.9847868,-123.8885357,98550,2026-02-05T23:09:53.525792,
98561,46.6236799,-123.6514234,98561,2026-02-05T23:09:55.664940,
98557,47.0558139,-123.2680601,98557,2026-02-05T23:09:56.947117,
98531,46.7750624,-122.9892211,98531,2026-02-05T23:09:57.992359,
98589,46.8585083,-122.8543662,98589,2026-02-05T23:10:00.668344,
98582,46.5114789,-122.6301003,98582,2026-02-05T23:10:01.329368,
98509,47.0588086,-122.7641867,98509,2026-02-05T23:10:04.133502,
98536,47.1427369,-124.103126,98536,2026-02-05T23:10:05.144457,
98558,46.9369903,-122.5564404,98558,2026-02-05T23:10:06.378393,
98580,46.9823359,-122.5160932,98580,2026-02-05T23:10:07.428978,
98570,46.5823873,-122.7061249,98570,2026-02-05T23:10:08.609568,
98361,46.6425084,-121.6385709,98361,2026-02-05T23:10:09.604662,
98566,47.4049229,-123.8870676,98566,2026-02-05T23:10:10.740791,
98537,46.9336267,-123.7393928,98537,2026-02-05T23:10:13.034342,
98535,47.1179388,-124.1724721,98535,2026-02-05T23:10:13.982653,
98330,46.1973647,-118.428952,98330,2026-02-05T23:10:15.186105,
98336,46.5277109,-122.125575,98336,2026-02-05T23:10:17.384273,
98367,47.4885254,-122.6445358,98367,2026-02-05T23:10:18.512819,
98539,46.6382959,-123.279948,98539,2026-02-05T23:10:19.574102,
98499,47.1743463,-122.4799841,98499,2026-02-05T23:10:20.621718,
98595,46.8891119,-124.110938,98595,2026-02-05T23:10:21.887675,
98581,46.376357,-123.045065,98581,2026-02-05T23:10:22.916017,
98355,46.7291594,-122.1971717,98355,2026-02-05T23:10:23.994902,
98554,46.562162,-123.559614,98554,2026-02-05T23:10:25.039310,
98544,46.741549,-123.027433,98544,2026-02-05T23:10:26.240104,
98547,46.7893025,-124.0891243,98547,2026-02-05T23:10:27.299911,
98592,47.3396238,-123.0974797,98592,2026-02-05T23:10:28.405915,
98057,47.4787953,-122.2126934,98057,2026-02-05T23:10:29.450138,
98338,47.0677348,-122.3056453,98338,2026-02-05T23:10:31.639214,
98356,46.5687227,-122.3717803,98356,2026-02-05T23:10:32.814558,
98565,46.5769364,-122.9078819,98565,2026-02-05T23:10:33.867161,
98586,46.6541475,-123.8368595,98586,2026-02-05T23:10:35.056176,
98327,47.0988945,-122.6414093,98327,2026-02-05T23:10:37.062435,
98019,47.7346999,-121.9735558,98019,2026-02-05T23:10:37.262906,
98530,46.7981956,-122.8689011,98530,2026-02-05T23:10:38.290732,
98415,47.2501782,-122.4517079,98415,2026-02-05T23:10:39.447571,
98331,47.7478914,-124.3259863,98331,2026-02-05T23:10:40.561270,
98446,47.1692273,-122.366975,98446,2026-02-05T23:10:41.653255,
98092,47.2927623,-122.1707181,98092,2026-02-05T23:10:42.672184,
98445,47.167234,-122.4201362,98445,2026-02-05T23:10:43.861914,
98546,47.3323965,-122.9443123,98546,2026-02-05T23:10:45.017801,
98332,47.3563068,-122.5879228,98332,2026-02-05T23:10:46.057975,
98590,46.723846,-124.0254879,98590,2026-02-05T23:10:47.123296,
98559,46.958591,-123.327768,98559,2026-02-05T23:10:48.262361,
98320,47.6714842,-122.9285562,98320,2026-02-05T23:10:49.296506,
98387,47.0718674,-122.3342769,98387,2026-02-05T23:10:50.641539,
98555,47.3162417,-123.1079774,98555,2026-02-05T23:10:51.497028,
98448,47.1458922,-122.4365682,98448,2026-02-05T23:10:52.679480,
98538,46.5353383,-123.1291261,98538,2026-02-05T23:10:53.708578,
99207,47.6912702,-117.3960047,99207,2026-02-05T23:10:54.902169,
98533,46.58542,-122.528218,98533,2026-02-05T23:10:55.936685,
98571,47.2013607,-124.1977223,98571,2026-02-05T23:10:57.101665,
98552,47.2334604,-123.9889838,98552,2026-02-05T23:10:58.117728,
98562,47.2255817,-124.20993,98562,2026-02-05T23:10:59.308096,
98556,46.8852055,-123.1416614,98556,2026-02-05T23:11:00.325953,
98303,47.1588448,-122.6968827,98303,2026-02-05T23:11:01.496998,
98388,47.1725022,-122.5939015,98388,2026-02-05T23:11:02.553685,
98524,47.385121,-122.8356283,98524,2026-02-05T23:11:04.758414,
98404,47.2123641,-122.4140827,98404,2026-02-05T23:11:05.915210,
98117,47.6869243,-122.3783073,98117,2026-02-05T23:11:06.946588,
98391,47.1712066,-122.1786466,98391,2026-02-05T23:11:08.177202,
98614,46.2843198,-123.9547471,98614,2026-02-05T23:11:09.195616,
98394,47.3409943,-122.747114,98394,2026-02-05T23:11:11.409104,
98583,47.0032949,-123.4806575,98583,2026-02-05T23:11:12.670730,
98405,47.2476257,-122.4685998,98405,2026-02-05T23:11:13.711419,
98611,46.2784645,-122.902623,98611,2026-02-05T23:11:14.877386,
98321,47.1639713,-122.1047444,98321,2026-02-05T23:11:15.910416,
98103,47.6736289,-122.3439845,98103,2026-02-05T23:11:17.092181,
98466,47.2342044,-122.5369946,98466,2026-02-05T23:11:18.113995,
98312,47.5650848,-122.6729036,98312,2026-02-05T23:11:20.335759,
98560,47.2386202,-123.407555,98560,2026-02-05T23:11:21.514170,
98522,46.6380002,-123.0592101,98522,2026-02-05T23:11:22.521034,
98587,47.3399432,-124.2884749,98587,2026-02-05T23:11:23.710034,
98444,47.1640219,-122.4514572,98444,2026-02-05T23:11:24.733839,
98626,46.1499238,-122.9032752,98626,2026-02-05T23:11:25.899545,
98036,47.8024675,-122.2786628,98036,2026-02-05T23:11:26.942635,
98125,47.7160526,-122.3022325,98125,2026-02-05T23:11:28.122458,
98498,47.1667254,-122.5478961,98498,2026-02-05T23:11:29.139775,
98645,46.3018116,-122.7830711,98645,2026-02-05T23:11:31.384817,
98649,46.3169421,-122.5618178,98649,2026-02-05T23:11:33.553401,
98593,46.4006189,-122.9595369,98593,2026-02-05T23:11:35.828131,
98252,48.0827861,-121.9473725,98252,2026-02-05T23:11:36.933343,
98372,47.228481,-122.2825531,98372,2026-02-05T23:11:37.970212,
98042,47.363999,-122.1163511,98042,2026-02-05T23:11:40.182944,
98632,46.1579531,-122.9413691,98632,2026-02-05T23:11:41.351779,
98528,47.4357364,-122.8391646,98528,2026-02-05T23:11:43.576873,
98058,47.4465549,-122.1458665,98058,2026-02-05T23:11:46.033483,
98104,47.6015375,-122.3292078,98104,2026-02-05T23:11:46.797629,
98374,47.1307269,-122.2670882,98374,2026-02-05T23:11:48.995505,
98588,47.3725101,-123.0547555,98588,2026-02-05T23:11:50.172165,
98852,48.3429312,-120.7176949,98852,2026-02-05T23:11:51.343442,
98126,47.5457007,-122.3749644,98126,2026-02-05T23:11:53.454077,
98942,46.6555565,-120.5310504,98942,2026-02-05T23:11:55.643074,
98188,47.4493105,-122.2760975,98188,2026-02-05T23:11:57.836238,
98056,47.5105823,-122.1833858,98056,2026-02-05T23:11:59.026585,
98382,48.0656314,-123.0178762,98382,2026-02-05T23:12:01.517486,
98575,47.477437,-123.8320737,98575,2026-02-05T23:12:01.662000,
98273,48.4273406,-122.3290848,98273,2026-02-05T23:12:02.733107,
98526,47.4596776,-123.8951504,98526,2026-02-05T23:12:07.087804,
98631,46.3522027,-124.0536353,98631,2026-02-05T23:12:08.086520,
14850,45.5346579,-122.8290748,14850,2026-02-05T23:12:11.007066,
98260,48.0357902,-122.4282721,98260,2026-02-05T23:12:13.402511,
98006,47.5586794,-122.150125,98006,2026-02-05T23:12:16.933484,
98610,45.7414894,-121.8286992,98610,2026-02-05T23:12:18.104606,
98926,46.9934215,-120.5422526,98926,2026-02-05T23:12:19.062687,
98407,47.2842121,-122.5072496,98407,2026-02-05T23:12:20.023276,
98040,47.5629735,-122.2274744,98040,2026-02-05T23:12:22.249977,
98406,47.2619867,-122.505815,98406,2026-02-05T23:12:24.600085,
98221,48.4923498,-122.6297431,98221,2026-02-05T23:12:27.179489,
98421,47.2479876,-122.409808,98421,2026-02-05T23:12:28.434088,
98166,47.4566103,-122.3497352,98166,2026-02-05T23:12:29.459490,
98433,47.0963302,-122.5893579,98433,2026-02-05T23:12:31.668543,
98376,47.8079483,-122.8446358,98376,2026-02-05T23:12:35.104854,
98373,47.1612584,-122.324801,98373,2026-02-05T23:12:36.086424,
98362,48.1105665,-123.4144927,98362,2026-02-05T23:12:37.265370,
98045,47.476608,-121.7608433,98045,2026-02-05T23:12:39.464991,
98031,47.405729,-122.1925895,98031,2026-02-05T23:12:42.710510,
98371,47.201787,-122.3194256,98371,2026-02-05T23:12:43.868060,
98107,47.6692674,-122.376658,98107,2026-02-05T23:12:46.223383,
98329,47.353908,-122.6783148,98329,2026-02-05T23:12:47.174817,
98360,47.1029491,-122.2152363,98360,2026-02-05T23:12:51.573398,
98023,47.3081244,-122.3614497,98023,2026-02-05T23:12:53.730140,
98527,46.626696,-123.953687,98527,2026-02-05T23:12:55.025528,
98168,47.4888899,-122.305539,98168,2026-02-05T23:12:57.235384,
98055,47.4479821,-122.2004822,98055,2026-02-05T23:12:58.183550,
98342,47.7473296,-122.5382586,98342,2026-02-05T23:13:00.356645,
98115,47.6846433,-122.2999965,98115,2026-02-05T23:13:01.666991,
98074,47.6229561,-122.0413733,98074,2026-02-05T23:13:02.596436,
98408,47.198599,-122.4444227,98408,2026-02-05T23:13:03.741421,
98051,47.3511583,-121.9290772,98051,2026-02-05T23:13:05.966074,
98467,47.2030739,-122.5173065,98467,2026-02-05T23:13:08.179505,
98662,45.6774467,-122.5747813,98662,2026-02-05T23:13:09.207485,
98020,47.803094,-122.3699398,98020,2026-02-05T23:13:11.388382,
98640,46.4825819,-124.0509741,98640,2026-02-05T23:13:12.573054,
98003,47.31503,-122.3122383,98003,2026-02-05T23:13:13.621009,
98047,47.2642723,-122.2471271,98047,2026-02-05T23:13:14.882228,
12543,45.5509201,-122.8064882,12543,2026-02-05T23:13:16.718225,
98366,47.526745,-122.5974886,98366,2026-02-05T23:13:18.035998,
98001,47.3129753,-122.2718015,98001,2026-02-05T23:13:19.221396,
98029,47.5587556,-122.0132139,98029,2026-02-05T23:13:20.223832,
98638,46.3773615,-123.7796774,98638,2026-02-05T23:13:22.490026,
98682,45.6718603,-122.5199823,98682,2026-02-05T23:13:23.634152,
98304,46.7771207,-122.0049552,98304,2026-02-05T23:13:24.632226,
98370,47.7466993,-122.6467112,98370,2026-02-05T23:13:28.036462,
98201,47.9886811,-122.2033496,98201,2026-02-05T23:13:32.565750,
98851,47.3867362,-119.4946904,98851,2026-02-05T23:13:36.838707,
98282,48.1885462,-122.5024662,98282,2026-02-05T23:13:37.916355,
98208,47.8845062,-122.1961684,98208,2026-02-05T23:13:40.073462,
98812,48.0610461,-119.7032071,98812,2026-02-05T23:13:41.265399,
98624,46.3085266,-124.0396054,98624,2026-02-05T23:13:45.664937,
98424,47.2294962,-122.347945,98424,2026-02-05T23:13:47.929589,
98250,48.5333714,-123.0209583,98250,2026-02-05T23:13:48.917877,
98647,46.2766319,-123.4460904,98647,2026-02-05T23:13:50.091851,
98335,47.3129648,-122.5926973,98335,2026-02-05T23:13:51.111656,
98368,48.1005588,-122.801879,98368,2026-02-05T23:13:52.313702,
98354,47.2511003,-122.3107014,98354,2026-02-05T23:13:53.311995,
98226,48.7850735,-122.4661484,98226,2026-02-05T23:13:55.522170,
98925,47.2355021,-121.1764329,98925,2026-02-05T23:13:56.708203,
28117,47.3496551,-122.2737486,28117,2026-02-05T23:13:58.146961,
98465,47.2494837,-122.5262646,98465,2026-02-05T23:13:58.897847,
98922,47.2139985,-121.0371408,98922,2026-02-05T23:13:59.966617,
99301,46.2406098,-119.1048938,99301,2026-02-05T23:14:01.125180,
99362,46.0643043,-118.3195737,99362,2026-02-05T23:14:02.275852,
98411,47.2199666,-122.4725586,98411,2026-02-05T23:14:05.818638,
99212,47.6715028,-117.3046494,99212,2026-02-05T23:14:07.799977,
99032,47.3303835,-118.002695,99032,2026-02-05T23:14:08.810385,
98063,47.314413,-122.3213863,98063,2026-02-05T23:14:09.993714,
98923,46.6684538,-120.7060086,98923,2026-02-05T23:14:15.417574,
01906,40.1709768,-80.2454528,Washington,2026-02-05T23:14:16.923175,
98418,47.2217724,-122.4476466,98418,2026-02-05T23:14:17.648334,
46226,47.4735693,-121.7242068,46226,2026-02-05T23:14:21.627052,
98070,47.4311024,-122.459159,98070,2026-02-05T23:14:22.053174,
38633,47.254483,-121.9898377,38633,2026-02-05T23:14:23.489953,
99037,47.6526134,-117.2018884,99037,2026-02-05T23:14:24.394545,
98641,46.5485373,-124.0287274,98641,2026-02-05T23:14:25.476614,
98661,45.6466467,-122.6240582,98661,2026-02-05T23:14:26.500209,
98856,48.3643972,-120.1168023,98856,2026-02-05T23:14:28.143383,
98674,45.9216092,-122.6601171,98674,2026-02-05T23:14:28.702081,
98027,47.5182829,-122.0533894,98027,2026-02-05T23:14:29.878244,
98310,47.5881127,-122.6238851,98310,2026-02-05T23:14:33.123448,
83501,47.3241806,-122.354172,SW Dash Point Rd & SW 310th St,2026-02-05T23:14:37.888651,
98002,47.3064524,-122.215637,98002,2026-02-05T23:14:41.334848,
98409,47.2059061,-122.4792049,98409,2026-02-05T23:14:43.542758,
97005,45.491367,-122.7992733,97005,2026-02-05T23:14:45.772472,
98155,47.7564974,-122.303268,98155,2026-02-05T23:14:49.044208,
98903,46.5665319,-120.5174577,98903,2026-02-05T23:14:51.191867,
98026,47.8101652,-122.3421932,98026,2026-02-05T23:14:52.389364,
98272,47.8563555,-121.9793425,98272,2026-02-05T23:14:54.586315,
98629,45.8745393,-122.6353601,98629,2026-02-05T23:14:55.602663,
33837,47.297915,-122.2818997,33837,2026-02-05T23:15:02.577813,
98953,46.4058525,-120.2568777,98953,2026-02-05T23:15:03.478919,
32909,47.3065292,-122.1505304,32909,2026-02-05T23:15:04.873125,
98277,48.2969853,-122.6488647,98277,2026-02-05T23:15:06.695066,
98284,48.5230882,-122.2175717,98284,2026-02-05T23:15:07.843283,
98663,45.6515013,-122.6620195,98663,2026-02-05T23:15:08.897275,
99151,48.664373,-118.064105,99151,2026-02-05T23:15:12.263395,
98349,47.2687158,-122.7811275,98349,2026-02-05T23:15:14.462152,
98684,45.6315639,-122.5203936,98684,2026-02-05T23:15:15.539253,
98837,47.1312071,-119.2759913,98837,2026-02-05T23:15:16.651978,
99218,47.7443652,-117.4066232,99218,2026-02-05T23:15:17.711131,
98270,48.060023,-122.1463553,98270,2026-02-05T23:15:18.894782,
98625,46.0179771,-122.7907539,98625,2026-02-05T23:15:22.580569,
98375,47.0958617,-122.3162786,98375,2026-02-05T23:15:26.788043,
98403,47.2650359,-122.459866,98403,2026-02-05T23:15:27.802179,
71901,34.5023214,-93.0198605,71901,2026-02-05T23:16:57.397952,
83353,43.6807781,-114.3353752,83353,2026-02-05T23:17:01.814775,
82005,41.1540787,-104.8593923,82005,2026-02-05T23:17:03.382382,
90502,33.8259699,-118.2919724,90502,2026-02-05T23:17:05.245678,
29388,34.7685371,-82.0499735,29388,2026-02-05T23:17:05.405388,
84116,40.784951,-111.9306919,84116,2026-02-05T23:17:06.424922,
85051,33.558959,-112.1370184,85051,2026-02-05T23:17:07.620554,
42726,37.4079958,-86.1667685,42726,2026-02-05T23:17:11.175061,
59301,46.4006995,-105.8322098,59301,2026-02-05T23:17:11.437752,
92270,33.7696358,-116.4402484,92270,2026-02-05T23:17:12.402112,
96130,40.4143242,-120.6434913,96130,2026-02-05T23:17:13.561511,
85326,33.4120565,-112.54989,85326,2026-02-05T23:17:14.558516,
59937,48.4070612,-114.3580374,59937,2026-02-05T23:17:15.766948,
85715,32.2400859,-110.8478203,85715,2026-02-05T23:17:18.042984,
58425,47.4439102,-98.1212839,58425,2026-02-05T23:17:19.476538,
83422,43.7197992,-111.1040746,83422,2026-02-05T23:17:20.163621,
93117,34.4334222,-119.8621845,93117,2026-02-05T23:17:21.172634,
89408,39.6073372,-119.2424017,89408,2026-02-05T23:17:23.022226,
86312,34.60141,-112.345119,86312,2026-02-05T23:17:23.405114,
85374,33.6454878,-112.3996709,85374,2026-02-05T23:17:24.595280,
74133,36.033963,-95.87779,74133,2026-02-05T23:17:25.615974,
59925,48.1052047,-114.8237539,59925,2026-02-05T23:17:26.776067,
77399,30.6402214,-94.8708387,77399,2026-02-05T23:17:27.801965,
85344,34.1465013,-114.280394,85344,2026-02-05T23:17:29.054373,
92260,33.7291048,-116.388435,92260,2026-02-05T23:17:31.213182,
81121,37.0232101,-107.4193719,81121,2026-02-05T23:17:32.232122,
85338,33.4034118,-112.4193962,85338,2026-02-05T23:17:33.462911,
97501,42.3168029,-122.8834881,97501,2026-02-05T23:17:34.431025,
97304,44.9548877,-123.070089,97304,2026-02-05T23:17:35.678191,
89701,39.1456268,-119.748993,89701,2026-02-05T23:17:36.658301,
34953,27.2484998,-80.3810761,34953,2026-02-05T23:17:37.806760,
74825,34.8767337,-96.4173382,74825,2026-02-05T23:17:39.334963,
87031,34.7942704,-106.6864432,87031,2026-02-05T23:17:40.049634,
35576,33.5709553,-88.1131046,35576,2026-02-05T23:17:42.229475,
92029,33.0921804,-117.1062338,92029,2026-02-05T23:17:47.180010,
59725,45.1625037,-112.7004192,59725,2026-02-05T23:17:47.350312,
83815,47.716456,-116.7924315,83815,2026-02-05T23:17:48.413418,
92065,33.0265949,-116.8532631,92065,2026-02-05T23:17:49.528289,
92262,33.8382413,-116.5204057,92262,2026-02-05T23:17:51.751022,
97470,43.250676,-123.24241,97470,2026-02-06T00:23:50.635798,zcta
96064,41.754703,-122.365621,96064,2026-02-06T00:23:50.635817,zcta
97016,46.052109,-123.262509,97016,2026-02-06T00:23:50.635819,zcta
93312,35.391845,-119.119548,93312,2026-02-06T00:23:50.635821,zcta
97064,45.859077,-123.235525,97064,2026-02-06T00:23:50.635822,zcta
94597,37.917697,-122.071818,94597,2026-02-06T00:23:50.635824,zcta
97054,45.960809,-122.92737,97054,2026-02-06T00:23:50.635826,zcta
97321,44.65345,-123.139526,97321,2026-02-06T00:23:50.635828,zcta
97202,45.482012,-122.644451,97202,2026-02-06T00:23:50.635829,zcta
97703,44.176389,-121.382887,97703,2026-02-06T00:23:50.635831,zcta
97527,42.380766,-123.386568,97527,2026-02-06T00:23:50.635832,zcta
83843,46.722245,-116.940158,83843,2026-02-06T00:23:50.635834,zcta
97874,44.757809,-119.848465,97874,2026-02-06T00:23:50.635835,zcta
59923,48.270626,-115.313164,59923,2026-02-06T00:23:50.635836,zcta
92071,32.850685,-116.995314,92071,2026-02-06T00:23:50.635838,zcta
82414,44.403789,-109.606717,82414,2026-02-06T00:23:50.635840,zcta
54914,44.267634,-88.499046,54914,2026-02-06T00:23:50.635842,zcta
74804,35.391465,-96.921469,74804,2026-02-06T00:23:50.635843,zcta
76877,31.157059,-98.764007,76877,2026-02-06T00:23:50.635849,zcta
76557,31.293783,-97.40019,76557,2026-02-06T00:23:50.635850,zcta
76049,32.459823,-97.706972,76049,2026-02-06T00:23:50.635852,zcta
80126,39.542161,-104.963124,80126,2026-02-06T00:23:50.635853,zcta
97048,46.014428,-122.974795,97048,2026-02-06T00:23:50.635854,zcta
99918,55.916873,-132.695503,99918,2026-02-06T00:23:50.635855,zcta
99925,55.550203,-132.945947,99925,2026-02-06T00:23:50.635857,zcta
99919,55.645685,-132.49613,99919,2026-02-06T00:23:50.635858,zcta
99672,60.569633,-150.761371,99672,2026-02-06T00:23:50.635859,zcta
99504,61.190578,-149.607154,99504,2026-02-06T00:23:50.635860,zcta
99712,65.058583,-145.925646,99712,2026-02-06T00:23:50.635861,zcta
99801,58.37291,-134.178445,99801,2026-02-06T00:23:50.635862,zcta
99901,55.662896,-131.366292,99901,2026-02-06T00:23:50.635864,zcta
99835,56.960283,-135.037328,99835,2026-02-06T00:23:50.635865,zcta
99923,56.000439,-130.037307,99923,2026-02-06T00:23:50.635866,zcta
99833,56.84041,-133.187085,99833,2026-02-06T00:23:50.635868,zcta
99611,60.83481,-150.724223,99611,2026-02-06T00:23:50.635869,zcta
99615,57.682776,-153.37896,99615,2026-02-06T00:23:50.635870,zcta
97845,44.414445,-118.903752,97845,2026-02-06T00:23:50.635872,zcta
95696,38.3281111,-121.978759,95696,2026-02-06T00:23:56.290201,nominatim
99928,55.414551,-131.755579,99928,2026-02-06T00:23:57.509817,nominatim
99821,58.2864927,-134.4299034,99821,2026-02-06T00:23:58.526956,nominatim
99687,61.5607841,-149.4788595,99687,2026-02-06T00:23:59.692107,nominatim
96733,20.883244,-156.528088,96733,2026-02-06T00:24:17.367478,nominatim
98507,46.958822,-123.076235,98507,2026-02-06T00:27:10.011214,zcta
98508,46.958822,-123.076235,98508,2026-02-06T00:27:10.011230,zcta
98511,46.958822,-123.076235,98511,2026-02-06T00:27:10.011233,zcta
98540,46.958822,-123.076235,98540,2026-02-06T00:27:10.011235,zcta
98574,46.958822,-123.076235,98574,2026-02-06T00:27:13.746044,zcta
95854,38.575407,-121.444202,95854,2026-02-06T00:27:35.945724,zcta
97283,45.515307,-122.673946,97283,2026-02-06T00:27:35.945739,zcta
99706,64.009705,-144.681574,99706,2026-02-06T00:27:45.957983,zcta
89391,39.279172,-114.987342,89391,2026-02-06T00:27:45.978882,zcta
99803,58.024766,-135.30821,99803,2026-02-06T00:27:45.978885,zcta
98111,47.606211,-122.333792,98111,2026-02-06T00:27:45.978886,zcta
98599,46.958822,-123.076235,98599,2026-02-06T00:27:45.978889,zcta
99669,60.360075,-151.017857,99669,2026-02-06T00:27:45.978891,zcta
,33.862959,-116.556682,92262,2026-04-04T06:05:16.694561,zcta
98375,47.104262,-122.326892,98375,2026-04-04T06:05:16.694568,zcta
98403,47.2658,-122.459139,98403,2026-04-04T06:05:16.694570,zcta
89129,36.23325,-115.290253,89129,2026-04-04T06:54:53.000634,zcta
98109,47.630583,-122.345596,98109,2026-04-17T07:31:30.730451,zcta
98195,47.653833,-122.308348,98195,2026-04-17T07:31:30.730465,zcta
98122,47.609503,-122.295593,98122,2026-04-17T07:31:30.730467,zcta
98112,47.63752,-122.287651,98112,2026-04-17T07:31:30.730469,zcta
98101,47.610902,-122.336422,98101,2026-04-17T07:31:30.730471,zcta
98004,47.618337,-122.205341,98004,2026-04-17T07:31:30.730473,zcta
98105,47.659861,-122.284977,98105,2026-04-17T07:31:30.730474,zcta
98108,47.535065,-122.305931,98108,2026-04-17T07:31:30.730475,zcta
98133,47.740485,-122.342826,98133,2026-04-17T07:31:30.730477,zcta
85741,32.335292,-111.041758,85741,2026-04-17T07:31:30.730479,zcta
98383,47.66291,-122.718605,98383,2026-04-17T07:31:30.730480,zcta
98431,47.208981,-122.472399,98431,2026-04-17T07:31:30.805462,zcta
90095,34.071183,-118.443404,90095,2026-04-17T07:31:30.805474,zcta
98346,47.826022,-122.527151,98346,2026-04-17T07:31:30.805476,zcta
14642,43.122834,-77.625114,14642,2026-04-17T07:31:30.805478,zcta
28625,35.869581,-80.889653,28625,2026-04-17T07:31:30.805482,zcta
98686,45.723305,-122.62187,98686,2026-04-17T07:31:30.805483,zcta
98493,47.208981,-122.472399,98493,2026-04-17T07:31:30.805487,zcta
85712,32.252876,-110.886584,85712,2026-04-17T07:31:30.805489,zcta
95817,38.550605,-121.457026,95817,2026-04-17T07:31:30.805490,zcta
97213,45.538194,-122.600014,97213,2026-04-17T07:31:30.805492,zcta
99204,47.647242,-117.426704,99204,2026-04-17T08:56:33.225049,zcta
97031,45.610947,-121.601374,97031,2026-04-17T08:56:33.225062,zcta
97220,45.550787,-122.55956,97220,2026-04-17T08:56:33.225064,zcta
60099,42.459988,-87.865021,60099,2026-04-17T08:56:33.225066,zcta
98034,47.715809,-122.213748,98034,2026-04-17T08:56:33.225067,zcta
93111,34.449185,-119.804782,93111,2026-04-17T08:56:33.225069,zcta
90212,34.06216,-118.401882,90212,2026-04-17T08:56:33.225070,zcta
99503,62.043689,-158.174466,99503,2026-04-17T08:56:33.225071,zcta
98225,48.758248,-122.50652,98225,2026-04-17T08:56:33.225072,zcta
98225,48.758248,-122.50652,98225,2026-04-17T08:56:33.225073,zcta
48197,42.194034,-83.639984,48197,2026-04-17T08:56:33.225075,zcta
90012,34.065975,-118.238642,90012,2026-04-17T08:56:33.225079,zcta
97239,45.489938,-122.690453,97239,2026-04-17T08:56:33.225080,zcta
97209,45.531124,-122.683951,97209,2026-04-17T08:56:33.225081,zcta
33021,26.02313,-80.186539,33021,2026-04-17T08:56:33.225082,zcta
92663,33.625204,-117.928767,92663,2026-04-17T08:56:33.225083,zcta
97239,45.489938,-122.690453,97239,2026-04-17T08:56:33.225084,zcta
98664,45.61951,-122.577179,98664,2026-04-17T08:56:33.225085,zcta
97103,46.13334,-123.698966,97103,2026-04-17T08:56:33.225086,zcta
87106,35.007139,-106.60982,87106,2026-04-17T08:56:33.225088,zcta
97302,44.903176,-123.064432,97302,2026-04-17T08:56:33.225089,zcta
97225,45.503048,-122.770132,97225,2026-04-17T08:56:33.225090,zcta
99223,47.597087,-117.317796,99223,2026-04-17T08:56:33.225091,zcta
97210,45.545484,-122.736853,97210,2026-04-17T08:56:33.225092,zcta
59715,45.693722,-110.906093,59715,2026-04-17T08:56:33.225095,zcta
97209,45.531124,-122.683951,97209,2026-04-17T08:56:33.225097,zcta
92835,33.900573,-117.914667,92835,2026-04-17T08:56:33.225098,zcta
98664,45.61951,-122.577179,98664,2026-04-17T08:56:33.225099,zcta
94704,37.866417,-122.260922,94704,2026-04-17T08:56:33.225101,zcta
89521,39.371633,-119.675912,89521,2026-04-17T08:56:33.225102,zcta
97239,45.489938,-122.690453,97239,2026-04-17T08:56:33.225103,zcta
32086,29.740948,-81.30016,32086,2026-04-17T08:56:33.225105,zcta
95926,39.74577,-121.843938,95926,2026-04-17T08:56:33.225106,zcta
98402,47.25383,-122.444295,98402,2026-04-17T08:56:33.225109,zcta
99224,47.647672,-117.534951,99224,2026-04-17T08:56:33.225110,zcta
97227,45.544151,-122.677095,97227,2026-04-17T08:56:33.225111,zcta
28078,35.404779,-80.866541,28078,2026-04-17T08:56:33.225112,zcta
98124,47.606211,-122.333792,98124,2026-04-17T08:56:33.246363,zcta
98664,45.61951,-122.577179,98664,2026-04-17T08:56:33.246371,zcta
98664,45.61951,-122.577179,98664,2026-04-17T08:56:33.246372,zcta
98801,47.431512,-120.345038,98801,2026-04-17T08:56:33.246374,zcta
85724,32.240787,-110.945605,85724,2026-04-17T08:56:33.246375,zcta
97239,45.489938,-122.690453,97239,2026-04-17T08:56:33.246377,zcta
07652,40.947299,-74.070169,07652,2026-04-17T08:56:33.246378,zcta
99216,47.686361,-117.216702,99216,2026-04-17T08:56:33.246379,zcta
85206,33.397432,-111.7165,85206,2026-04-17T08:56:33.246380,zcta
97225,45.503048,-122.770132,97225,2026-04-17T08:56:33.246382,zcta
98144,47.585627,-122.29196,98144,2026-04-17T08:56:33.246383,zcta
97146,46.12514,-123.911368,97146,2026-04-17T08:56:33.246384,zcta
97220,45.550787,-122.55956,97220,2026-04-17T08:56:33.246386,zcta
98102,47.634441,-122.32369,98102,2026-04-17T08:56:33.246387,zcta
97006,45.52598,-122.855888,97006,2026-04-17T08:56:33.246388,zcta
97123,45.444372,-122.976426,97123,2026-04-17T08:56:33.246389,zcta
98121,47.615192,-122.350581,98121,2026-04-17T08:56:33.246390,zcta
10032,40.839041,-73.942812,10032,2026-04-17T08:56:33.246392,zcta
97701,43.997656,-121.034191,97701,2026-04-17T08:56:33.246393,zcta
97006,45.52598,-122.855888,97006,2026-04-17T08:56:33.246394,zcta
92801,33.844983,-117.952151,92801,2026-04-17T08:56:33.246395,zcta
97239,45.489938,-122.690453,97239,2026-04-17T08:56:33.246396,zcta
53715,43.05561,-89.387808,53715,2026-04-17T08:56:33.246397,zcta
99036,47.520054,-117.271957,99036,2026-05-12T20:38:00.650252,zcta
85713,32.19457,-111.014995,85713,2026-06-15T20:37:00.338233,zcta
