addr_key,lat,lon,geocoded_at
4525 3RD AVE SE|LACEY|WA|98503,47.045128,-122.825641,2026-04-17T08:51:42.307484
825 EASTLAKE AVE E|SEATTLE|WA|98109,47.626435,-122.329758,2026-04-17T08:51:44.507300
209 M L KING JR WAY|TACOMA|WA|98405,47.245501,-122.438329,2026-04-17T08:51:48.917159
2015 COOKS HILL RD|CENTRALIA|WA|98531,46.713851,-122.988033,2026-04-17T08:51:50.025343
149 LILLY ROAD NE|OLYMPIA|WA|98506,47.048907,-122.846616,2026-04-17T08:51:51.137655
500 LILLY RD NE|OLYMPIA|WA|98506,47.053864,-122.843358,2026-04-17T08:51:57.740912
413 LILLY RD NE|OLYMPIA|WA|98506,47.052563,-122.847404,2026-04-17T08:51:58.849323
"404 YAUGER WAY SW,|OLYMPIA|WA|98502",47.046159,-122.948219,2026-04-17T08:51:59.952274
699 WOODLAND SQUARE LOOP SE|LACEY|WA|98503,47.041547,-122.824235,2026-04-17T08:52:01.055138
1959 NE PACIFIC ST|SEATTLE|WA|98195,47.649235,-122.308347,2026-04-17T08:52:02.155749
610 E MAIN ST|ELMA|WA|98541,47.006825,-123.390416,2026-04-17T08:52:03.257284
700 LILLY ROAD NE|OLYMPIA|WA|98506,47.055887,-122.844279,2026-04-17T08:52:05.467226
550 17TH AVE|SEATTLE|WA|98122,47.607002,-122.309454,2026-04-17T08:52:06.566643
1003 S 5TH ST|TACOMA|WA|98405,47.258386,-122.451904,2026-04-17T08:52:08.767182
209 MARTIN LUTHER KING JR WAY|TACOMA|WA|98405,47.260668,-122.452807,2026-04-17T08:52:12.082606
"402A BLACK HILLS LANE SE, STE A|OLYMPIA|WA|98502",47.045102,-122.895008,2026-04-17T08:52:20.894764
3920 CAPITAL MALL DR SW|OLYMPIA|WA|98502,47.042189,-122.951984,2026-04-17T08:52:21.999036
700 LILLY RD NE|OLYMPIA|WA|98506,47.055887,-122.844279,2026-04-17T08:52:23.103746
404 YAUGER WAY SW|OLYMPIA|WA|98502,47.070532,-122.951128,2026-04-17T08:52:23.103788
210 SE 136TH AVE|VANCOUVER|WA|98684,45.631564,-122.520394,2026-04-17T08:52:23.103801
201 16TH AVE E|SEATTLE|WA|98112,47.63752,-122.287651,2026-04-17T08:52:23.103812
128 LILLY RD NE|OLYMPIA|WA|98506,47.073062,-122.867507,2026-04-17T08:52:23.103822
420 MCPHEE RD SW|OLYMPIA|WA|98502,47.070532,-122.951128,2026-04-17T08:52:23.103831
3525 ENSIGN RD NE|OLYMPIA|WA|98506,47.073062,-122.867507,2026-04-17T08:52:23.103841
1221 MADISON ST|SEATTLE|WA|98107,47.669267,-122.376658,2026-04-17T08:52:23.103851
310 15TH AV E|SEATTLE|WA|98112,47.63752,-122.287651,2026-04-17T08:52:23.103860
2555 MARVIN RD NE|LACEY|WA|98516,47.085763,-122.777385,2026-04-17T08:52:23.103869
1006 NORTH H ST|ABERDEEN|WA|98520,46.976395,-123.794822,2026-04-17T08:52:23.103879
1100 9TH AVE|SEATTLE|WA|98101,47.610902,-122.336422,2026-04-17T08:52:23.103888
11511 NE 10TH ST|BELLEVUE|WA|98004,47.618337,-122.205341,2026-04-17T08:52:23.103898
525 LILLY RD NE|OLYMPIA|WA|98506,47.073062,-122.867507,2026-04-17T08:52:23.103906
209 MARTIN LUTHER KING WAY|TACOMA|WA|98405,47.247626,-122.4686,2026-04-17T08:52:23.103915
1221 MADISON ST STE 600|SEATTLE|WA|98104,47.601537,-122.329208,2026-04-17T08:52:23.103932
141 LILLY RD NE|OLYMPIA|WA|98506,47.073062,-122.867507,2026-04-17T08:52:23.103942
33501 FIRST WAY S|FEDERAL WAY|WA|98003,47.31503,-122.312238,2026-04-17T08:52:23.103951
304 WEST BAY DR NW|OLYMPIA|WA|98502,47.070532,-122.951128,2026-04-17T08:52:23.103960
413 LILLY RD|OLYMPIA|WA|98506,47.073062,-122.867507,2026-04-17T08:52:23.103968
2612 YELM HWY SE|OLYMPIA|WA|98501,47.007719,-122.874136,2026-04-17T08:52:23.103977
424 LILLY RD NE|OLYMPIA|WA|98506,47.073062,-122.867507,2026-04-17T08:52:23.103986
21616 76TH AVE W|EDMONDS|WA|98026,47.810165,-122.342193,2026-04-17T08:52:23.103996
2920 S MERIDIAN STE 100|PUYALLUP|WA|98373,47.161258,-122.324801,2026-04-17T08:52:23.104006
141 LILY RD NE|OLYMPIA|WA|98506,47.073062,-122.867507,2026-04-17T08:52:23.104015
1813 SUMNER AVE|ABERDEEN|WA|98520,46.976395,-123.794822,2026-04-17T08:52:23.104023
525 LILLY RD|OLYMPIA|WA|98506,47.073062,-122.867507,2026-04-17T08:52:23.104033
209 LILLY RD NE|OLYMPIA|WA|98506,47.073062,-122.867507,2026-04-17T08:52:23.104042
3920 CAPITAL MALL DR|OLYMPIA|WA|98502,47.070532,-122.951128,2026-04-17T08:52:23.104052
3216 NE 45TH PL|SEATTLE|WA|98105,47.659861,-122.284977,2026-04-17T08:52:23.104062
1660 S COLUMBIAN WAY|SEATTLE|WA|98108,47.535065,-122.305931,2026-04-17T08:52:23.104071
1570 N 115TH STREET|SEATTLE|WA|98133,47.740485,-122.342826,2026-04-17T08:52:23.104349
1101 MADISON ST|SEATTLE|WA|98104,47.601537,-122.329208,2026-04-17T08:52:23.104387
1660 SOUTH COLUMBIAN WAY|SEATTLE|WA|98108,47.535065,-122.305931,2026-04-17T08:52:23.104402
1221 MADISON ST|SEATTLE|WA|98104,47.601537,-122.329208,2026-04-17T08:52:23.104415
6320 N LA CHOLLA BLVD|TUCSON|AZ|85741,32.335292,-111.041758,2026-04-17T08:52:23.104427
316 MLK JR WAY|TACOMA|WA|98405,47.247626,-122.4686,2026-04-17T08:52:23.104439
914 S SCHEUBER RD|CENTRALIA|WA|98531,46.775062,-122.989221,2026-04-17T08:52:23.104452
273 SUSSEX AVE E|TENINO|WA|98589,46.858508,-122.854366,2026-04-17T08:52:23.104463
1950 NW MYHRE ROAD|SILVERDALE|WA|98383,47.66291,-122.718605,2026-04-17T08:52:23.104476
9040 JACKSON AVE|TACOMA|WA|98431,47.208981,-122.472399,2026-04-17T08:52:23.104488
1959 NE PACIFIC ST  BOX 356158|SEATTLE|WA|98195,47.653833,-122.308348,2026-04-17T08:52:23.104499
"1100 9TH AVE, MS C2HEM|SEATTLE|WA|98101",47.610902,-122.336422,2026-04-17T08:52:23.104510
1006 N H ST|ABERDEEN|WA|98520,46.976395,-123.794822,2026-04-17T08:52:23.104521
105 W SIMPSON AVE|MCCLEARY|WA|98557,47.055814,-123.26806,2026-04-17T08:52:23.104533
601 MCPHEE RD SW|OLYMPIA|WA|98502,47.070532,-122.951128,2026-04-17T08:52:23.104545
844 NORTH 5TH AVE|SEQUIM|WA|98382,48.065631,-123.017876,2026-04-17T08:52:23.104557
1412 SW 43RD ST|RENTON|WA|98057,47.478795,-122.212693,2026-04-17T08:52:23.104569
149 LILLY RD NE|OLYMPIA|WA|98506,47.073062,-122.867507,2026-04-17T08:52:23.104580
149 LILY ROAD NE|OLYMPIA|WA|98506,47.073062,-122.867507,2026-04-17T08:52:23.104590
4525 3RD AVE SE STE 200|LACEY|WA|98503,47.024362,-122.804474,2026-04-17T08:52:23.104602
1570 N 115TH ST|SEATTLE|WA|98133,47.740485,-122.342826,2026-04-17T08:52:23.104613
202 CULLENS ST NW|YELM|WA|98597,46.903256,-122.570951,2026-04-17T08:52:23.104625
4525 3RD AVE.SE STE 200|LACEY|WA|98503,47.024362,-122.804474,2026-04-17T08:52:23.104636
939 CAROLINE ST|PORT ANGELES|WA|98362,48.110566,-123.414493,2026-04-17T08:52:23.104647
"1624 S. I ST, STE 204|TACOMA|WA|98405",47.247626,-122.4686,2026-04-17T08:52:23.104658
"1010 S 336TH ST, STE 330|FEDERAL WAY|WA|98003",47.31503,-122.312238,2026-04-17T08:52:23.104669
751 NE BLAKELY DR|ISSAQUAH|WA|98029,47.558756,-122.013214,2026-04-17T08:52:23.104681
112 E BROADWAY AVE|MONTESANO|WA|98563,47.082934,-123.67022,2026-04-17T08:52:23.104692
315 MARTIN LUTHER KING JR WAY|TACOMA|WA|98405,47.247626,-122.4686,2026-04-17T08:52:23.104702
150 DENNIS ST SW|TUMWATER|WA|98501,47.007719,-122.874136,2026-04-17T08:52:23.104716
1040 S HENDERSON ST|SEATTLE|WA|98108,47.535065,-122.305931,2026-04-17T08:52:23.104726
751 NE BLAKELY DR|ISSAQUAH|WA|98027,47.518283,-122.053389,2026-04-17T08:52:23.104738
1720 COOKS HILL RD|CENTRALIA|WA|98531,46.775062,-122.989221,2026-04-17T08:52:23.104748
413 LILLY RD NW|OLYMPIA|WA|98506,47.073062,-122.867507,2026-04-17T08:52:23.104758
1620 COOPER POINT RD SW|OLYMPIA|WA|98502,47.070532,-122.951128,2026-04-17T08:52:23.104769
209 MLK JR WAY|TACOMA|WA|98405,47.247626,-122.4686,2026-04-17T08:52:23.104779
4800 COLLEGE ST SE|LACEY|WA|98503,47.024362,-122.804474,2026-04-17T08:52:23.104788
200 MEDICAL PLAZA STE 140|LOS ANGELES|CA|90095,34.071183,-118.443404,2026-04-17T08:52:23.104799
418 LILLY RD NE|OLYMPIA|WA|98506,47.073062,-122.867507,2026-04-17T08:52:23.104809
125 16TH AVE E|SEATTLE|WA|98112,47.63752,-122.287651,2026-04-17T08:52:23.104819
700 LILY RD NE|OLYMPIA|WA|98506,47.073062,-122.867507,2026-04-17T08:52:23.104829
669 WOODLAND SQUARE LOOP SE|LACEY|WA|98503,47.024362,-122.804474,2026-04-17T08:52:23.104839
304 WEST BAY DR NW STE 301|OLYMPIA|WA|98502,47.070532,-122.951128,2026-04-17T08:52:23.104849
1802 S YAKIMA SUITE 103|TACOMA|WA|98405,47.247626,-122.4686,2026-04-17T08:52:23.104859
2612 YELM HWY  SE|OLYMPIA|WA|98501,47.007719,-122.874136,2026-04-17T08:52:23.104869
"3920 CAPITAL MALL DR SW, SUITE 201|OLYMPIA|WA|98512",46.982195,-122.957654,2026-04-17T08:52:23.104881
310 6TH ST NE|AUBURN|WA|98002,47.306452,-122.215637,2026-04-17T08:52:23.104891
191 CONSTATINE WAY|ABERDEEN|WA|98520,46.976395,-123.794822,2026-04-17T08:52:23.104902
1615 DELAWARE ST|LONGVIEW|WA|98632,46.157953,-122.941369,2026-04-17T08:52:23.104912
1020 ANDERSON DR|ABERDEEN|WA|98520,46.976395,-123.794822,2026-04-17T08:52:23.104927
1101 MADISON ST STE 510|SEATTLE|WA|98104,47.601537,-122.329208,2026-04-17T08:52:23.104938
1700 13TH ST|EVERETT|WA|98201,47.988681,-122.20335,2026-04-17T08:52:23.104951
1354 ALOHA ST|SEATTLE|WA|98109,47.630583,-122.345596,2026-04-17T08:52:23.105052
25989 BARBER CUT OFF RD|KINGSTON|WA|98346,47.826022,-122.527151,2026-04-17T08:52:23.105067
12717 COOPER POINT RD SW|OLYMPIA|WA|98502,47.070532,-122.951128,2026-04-17T08:52:23.105079
1450 5TH ST SE|PUYALLUP|WA|98372,47.228481,-122.282553,2026-04-17T08:52:23.105089
1959 NE PACIFIC STREET|SEATTLE|WA|98195,47.653833,-122.308348,2026-04-17T08:52:23.105098
615 LILLY RD NE|OLYMPIA|WA|98506,47.073062,-122.867507,2026-04-17T08:52:23.105108
4525 3RD AVENUE SE|LACEY|WA|98503,47.024362,-122.804474,2026-04-17T08:52:23.105118
424 LILY RD NE|OLYMPIA|WA|98506,47.073062,-122.867507,2026-04-17T08:52:23.105128
325 9TH AVE|SEATTLE|WA|98104,47.601537,-122.329208,2026-04-17T08:52:23.105138
9230 SKY ISLAND DRIVE E|BONNEY LAKE|WA|98391,47.171207,-122.178647,2026-04-17T08:52:23.105150
500 17TH AVE|SEATTLE|WA|98122,47.609503,-122.295593,2026-04-17T08:52:23.105161
149 LILLY RD NE|OLYMPIA|WA|98501,47.007719,-122.874136,2026-04-17T08:52:23.105170
3909 9TH AVE SW|OLYMPIA|WA|98502,47.070532,-122.951128,2026-04-17T08:52:23.105185
26004 104TH AVE SE|KENT|WA|98031,47.405729,-122.192589,2026-04-17T08:52:23.105196
660 SW 39TH ST|RENTON|WA|98057,47.478795,-122.212693,2026-04-17T08:52:23.105206
"4225 ROOSEVELT WAY NE, STE 400|SEATTLE|WA|98105",47.659861,-122.284977,2026-04-17T08:52:23.105216
915 S 6TH ST|TACOMA|WA|98405,47.247626,-122.4686,2026-04-17T08:52:23.105226
420 MCPHEE RD SW|OLYMPIA|WA|98503,47.024362,-122.804474,2026-04-17T08:52:23.105235
600 E MAIN|ELMA|WA|98541,46.983928,-123.356174,2026-04-17T08:52:23.105245
3333 ENSIGN ROAD NE|OLYMPIA|WA|98506,47.073062,-122.867507,2026-04-17T08:52:23.105255
1624 S I ST|TACOMA|WA|98405,47.247626,-122.4686,2026-04-17T08:52:23.105265
601 ELMWOOD AVE|ROCHESTER|NY|14642,43.122834,-77.625114,2026-04-17T08:52:23.105275
1010 S SCHEUBER RD|CENTRALIA|WA|98531,46.775062,-122.989221,2026-04-17T08:52:23.105285
1740 COOKS HILL RD|CENTRALIA|WA|98531,46.775062,-122.989221,2026-04-17T08:52:23.105295
1708 S YAKIMA AVE STE 203|TACOMA|WA|98405,47.247626,-122.4686,2026-04-17T08:52:23.105305
1624 SOUTH I ST|TACOMA|WA|98405,47.247626,-122.4686,2026-04-17T08:52:23.105315
4525 THIRD AVENUE SE|LACEY|WA|98503,47.024362,-122.804474,2026-04-17T08:52:23.105325
"3920 CAPITAL MALL DR SW, SUITE 201|OLYMPIA|WA|98502",47.070532,-122.951128,2026-04-17T08:52:23.105335
"1006 NORTH H. ST., FLOOR 5|ABERDEEN|WA|98520",46.976395,-123.794822,2026-04-17T08:52:23.105346
16259 SYLVESTER RD SW|BURIEN|WA|98166,47.45661,-122.349735,2026-04-17T08:52:23.105358
30 MT HWY 91 S|DILLON|MT|59725,45.162504,-112.700419,2026-04-17T08:52:23.105368
315 MLK JR WAY|TACOMA|WA|98405,47.247626,-122.4686,2026-04-17T08:52:23.105378
18313 PAULSON ST SW|ROCHESTER|WA|98579,46.823464,-123.046082,2026-04-17T08:52:23.105389
745 WILLIAMS ST|MOSSYROCK|WA|98564,46.524788,-122.478669,2026-04-17T08:52:23.105400
650 SIGNAL HILL|STATESVILLE|NC|28625,35.869581,-80.889653,2026-04-17T08:52:23.105410
4545 PT FOSDICK DR|GIG HARBOR|WA|98335,47.312965,-122.592697,2026-04-17T08:52:23.105421
3825 MARTIN WAY E|OLYMPIA|WA|98511,46.958822,-123.076235,2026-04-17T08:52:23.105433
1611 KRESKY AVE|CENTRALIA|WA|98531,46.775062,-122.989221,2026-04-17T08:52:23.105443
1225 MADISON ST|SEATTLE|WA|98104,47.601537,-122.329208,2026-04-17T08:52:23.105454
3901 CAPITAL MALL DR SW|OLYMPIA|WA|98502,47.070532,-122.951128,2026-04-17T08:52:23.105466
21601 76TH AVE W|EDMONDS|WA|98026,47.810165,-122.342193,2026-04-17T08:52:23.105477
2525 NE 139TH ST|VANCOUVER|WA|98686,45.723305,-122.62187,2026-04-17T08:52:23.105488
521 ADAMS|MORTON|WA|98356,46.568723,-122.37178,2026-04-17T08:52:23.105499
400 S 43RD ST|RENTON|WA|98055,47.447982,-122.200482,2026-04-17T08:52:23.105511
424 LILLY ROAD NE|OLYMPIA|WA|98506,47.073062,-122.867507,2026-04-17T08:52:23.105521
13051 US HWY 12|PACKWOOD|WA|98361,46.642508,-121.638571,2026-04-17T08:52:23.105532
"1708 S YAKIMA AVE, STE 203|TACOMA|WA|98405",47.247626,-122.4686,2026-04-17T08:52:23.105543
"19917 7TH AVE NE, STE 100|POULSBO|WA|98370",47.746699,-122.646711,2026-04-17T08:52:23.105553
1620 COOPER POINT RD SW|OLYMPIA|WA|98512,46.982195,-122.957654,2026-04-17T08:52:23.105564
915 6TH AVE STE 100|TACOMA|WA|98405,47.247626,-122.4686,2026-04-17T08:52:23.105576
"1608 SOUTH J STREET, 5TH FLOOR|TACOMA|WA|98405",47.247626,-122.4686,2026-04-17T08:52:23.105587
"5005 MAIN ST, STE 125|TACOMA|WA|98407",47.284212,-122.50725,2026-04-17T08:52:23.105598
413 LILY RD NE|OLYMPIA|WA|98506,47.073062,-122.867507,2026-04-17T08:52:23.105608
9600 VETERANS DR SW|TACOMA|WA|98493,47.208981,-122.472399,2026-04-17T08:52:23.105619
3425 ENSIGN RD NE|OLYMPIA|WA|98506,47.073062,-122.867507,2026-04-17T08:52:23.105629
3901 CAPITAL MALL DR SE|OLYMPIA|WA|98502,47.070532,-122.951128,2026-04-17T08:52:23.105640
2732 N. ALVERNON WAY|TUCSON|AZ|85712,32.252876,-110.886584,2026-04-17T08:52:23.105654
4501 X STREET|SACRAMENTO|CA|95817,38.550605,-121.457026,2026-04-17T08:52:23.105665
5050 NE HOYT ST|PORTLAND|OR|97213,45.538194,-122.600014,2026-04-17T08:52:23.105675
1100 FAIRVIEW AVE N|SEATTLE|WA|98109,47.630583,-122.345596,2026-04-17T08:52:23.105685
1135 116TH AVE NE|BELLEVUE|WA|98004,47.618337,-122.205341,2026-04-17T08:52:23.105696
1701 N 13TH ST|SHELTON|WA|98584,47.177996,-123.056342,2026-04-17T08:52:23.105706
"1624 S I ST, STE 204|TACOMA|WA|98405",47.247626,-122.4686,2026-04-17T08:52:23.105716
500 LILLY RD|OLYMPIA|WA|98506,47.073062,-122.867507,2026-04-17T08:52:23.105726
5602 RUDDELL RD SE|LACEY|WA|98503,47.024362,-122.804474,2026-04-17T08:52:23.105736
747 BROADWAY|SEATTLE|WA|98122,47.609503,-122.295593,2026-04-17T08:52:23.105746
3525-A ENSIGN ROAD|OLYMPIA|WA|98506,47.051052,-122.847728,2026-04-17T09:05:51.748107
1100 NINTH AVE|SEATTLE|WA|98101,47.603832,-122.330062,2026-04-17T09:05:53.847706
141 LILLY ROAD NE|OLYMPIA|WA|98506,47.048898,-122.846012,2026-04-17T09:05:54.947818
3610 ENSIGN RD NE|OLYMPIA|WA|98506,47.051195,-122.843833,2026-04-17T09:05:56.037637
800 W 5TH AVE|SPOKANE|WA|99204,47.647242,-117.426704,2026-04-17T09:06:47.265883
1627 WOODS COURT|HOOD RIVER|OR|97031,45.610947,-121.601374,2026-04-17T09:07:36.433857
1006 NORTH H ST  FLOOR 5|ABERDEEN|WA|98520,46.976395,-123.794822,2026-04-17T09:08:25.443978
615 LILLY ROAD NE|OLYMPIA|WA|98506,47.073062,-122.867507,2026-04-17T09:09:13.620126
"3920 CAPITAL MALL DR, STE 203|OLYMPIA|WA|98502",47.070532,-122.951128,2026-04-17T09:10:03.788634
1921 SUMNER AVE|ABERDEEN|WA|98520,46.976395,-123.794822,2026-04-17T09:10:51.841046
3900 CAPITAL MALL DR SW|OLYMPIA|WA|98502,47.070532,-122.951128,2026-04-17T09:11:40.305297
3701 ENSIGN RD NE|OLYMPIA|WA|98506,47.073062,-122.867507,2026-04-17T09:12:27.536328
1717 13TH ST STE 300|EVERETT|WA|98201,47.988681,-122.20335,2026-04-17T09:12:27.536345
319 E PIONEER AVE|MONTESANO|WA|98563,47.082934,-123.67022,2026-04-17T09:12:27.536348
1000 S SCHEUBER ROAD|CENTRALIA|WA|98531,46.775062,-122.989221,2026-04-17T09:12:27.536351
500 LILLY ROAD NE STE 201|OLYMPIA|WA|98506,47.073062,-122.867507,2026-04-17T09:12:27.536354
MADIGAN ARMY HOSPITAL|TACOMA|WA|98433,47.09633,-122.589358,2026-04-17T09:12:27.536356
611 NORTH F ST|ABERDEEN|WA|98520,46.976395,-123.794822,2026-04-17T09:12:27.536361
INTERNAL MEDICINE DEPT|OLYMPIA|WA|98506,47.073062,-122.867507,2026-04-17T09:12:27.536363
1006 NORTH H STREET|ABERDEEN|WA|98520,46.976395,-123.794822,2026-04-17T09:12:27.536365
1321 NE 99TH AVE STE 200|PORTLAND|OR|97220,45.550787,-122.55956,2026-04-17T09:12:27.536368
413 LILLY ROAD NE|OLYMPIA|WA|98506,47.073062,-122.867507,2026-04-17T09:12:27.536370
200 LILLY ROAD NE STE C2|OLYMPIA|WA|98506,47.073062,-122.867507,2026-04-17T09:12:27.536372
1100 9TH AVE|SEATTLE|WA|98111,47.606211,-122.333792,2026-04-17T09:12:27.536374
407 14TH AVENUE SOUTHEAST|PUYALLUP|WA|98372,47.228481,-122.282553,2026-04-17T09:12:27.536377
304 W BAY DR NW STE 301|OLYMPIA|WA|98502,47.070532,-122.951128,2026-04-17T09:12:27.536380
MIDWESTERN REGIONAL MED CTR|ZION|IL|60099,42.459988,-87.865021,2026-04-17T09:12:27.536383
931 S MARKET BLVD|CHEHALIS|WA|98532,46.641682,-122.879187,2026-04-17T09:12:27.536385
110 DELPHI RD NW|OLYMPIA|WA|98502,47.070532,-122.951128,2026-04-17T09:12:27.536387
12040 NE 128TH ST|KIRKLAND|WA|98034,47.715809,-122.213748,2026-04-17T09:12:27.536389
STAFFORD CREEK CORRECTION CENTER|ABERDEEN|WA|98520,46.976395,-123.794822,2026-04-17T09:12:27.536392
1000 S SCHEUBER RD|CENTRALIA|WA|98531,46.775062,-122.989221,2026-04-17T09:12:27.536394
5333 HOLLISTER AVE STE 201|SANTA BARBARA|CA|93111,34.449185,-119.804782,2026-04-17T09:12:27.536396
4805 NE GLISAN ST|PORTLAND|OR|97213,45.538194,-122.600014,2026-04-17T09:12:27.536399
120 S SPALDING DR STE 400|BEVERLY HILLS|CA|90212,34.06216,-118.401882,2026-04-17T09:12:27.536401
9040 FITZSIMMONS DR|TACOMA|WA|98431,47.208981,-122.472399,2026-04-17T09:12:27.536403
5130 CORPORATE CNT CT SE|LACEY|WA|98503,47.024362,-122.804474,2026-04-17T09:12:27.536405
844 N 5TH AVE|SEQUIM|WA|98382,48.065631,-123.017876,2026-04-17T09:12:27.536408
34515 9TH AVE S|FEDERAL WAY|WA|98003,47.31503,-122.312238,2026-04-17T09:12:27.536410
"3700 PACIFIC WAY E, STE 100|FIFE|WA|98424",47.229496,-122.347945,2026-04-17T09:12:27.536412
1220 BASICH BLVD|ABERDEEN|WA|98520,46.976395,-123.794822,2026-04-17T09:12:27.536414
2555 MARVIN RD. NE|LACEY|WA|98516,47.085763,-122.777385,2026-04-17T09:12:27.536416
825 EASTLAKE AVENUE E|SEATTLE|WA|98109,47.630583,-122.345596,2026-04-17T09:12:27.536419
ST. ELIAS SPECIALTY HOSPITAL|ANCHORAGE|AK|99503,62.043689,-158.174466,2026-04-17T09:12:27.536421
4500 3RD AVE STE 100|LACEY|WA|98503,47.024362,-122.804474,2026-04-17T09:12:27.536424
237 PROFESSIONAL WAY|SHELTON|WA|98584,47.177996,-123.056342,2026-04-17T09:12:27.536426
340 BIRCHWOOD AVE|BELLINGHAM|WA|98225,48.758248,-122.50652,2026-04-17T09:12:27.536428
2940 SQUALICUM PARKWAY|BELLINGHAM|WA|98225,48.758248,-122.50652,2026-04-17T09:12:27.536430
1100 9TH AVENUE|SEATTLE|WA|98101,47.610902,-122.336422,2026-04-17T09:12:27.536433
11511 CANTERWOOD BLVD|GIG HARBOR|WA|98332,47.356307,-122.587923,2026-04-17T09:12:27.536435
5333 MCAULEY DR STE 4001|YPSILANTI|MI|48197,42.194034,-83.639984,2026-04-17T09:12:27.536437
1717 13TH ST|EVERETT|WA|98201,47.988681,-122.20335,2026-04-17T09:12:27.536440
1620 COOPER POINT ROAD SW|OLYMPIA|WA|98502,47.070532,-122.951128,2026-04-17T09:12:27.536442
"3901 CAPITAL MALL DR SW, STE A|OLYMPIA|WA|98502",47.070532,-122.951128,2026-04-17T09:12:27.536445
711 W COLLEGE ST STE 208|LOS ANGELES|CA|90012,34.065975,-118.238642,2026-04-17T09:12:27.536447
615 LILLY ROAD NE STE 220|OLYMPIA|WA|98506,47.073062,-122.867507,2026-04-17T09:12:27.536450
3181 SW SAM JACKSON PARK RD|PORTLAND|OR|97239,45.489938,-122.690453,2026-04-17T09:12:27.536452
4300 TALBOT RD S|RENTON|WA|98055,47.447982,-122.200482,2026-04-17T09:12:27.536454
5423 RENO CORPORATE DRIVE|RENO|NV|98511,46.958822,-123.076235,2026-04-17T09:12:27.536457
1708 S YAKIMA #203|TACOMA|WA|98405,47.247626,-122.4686,2026-04-17T09:12:27.536460
1849 NW KEARNEY|PORTLAND|OR|97209,45.531124,-122.683951,2026-04-17T09:12:27.536462
3700 WASHINGTON ST STE 104|HOLLYWOOD|FL|33021,26.02313,-80.186539,2026-04-17T09:12:27.536464
11511 NE 10TH STREET|BELLEVUE|WA|98004,47.618337,-122.205341,2026-04-17T09:12:27.536466
3663 COLLEGE ST SUITE A|LACEY|WA|98503,47.024362,-122.804474,2026-04-17T09:12:27.536468
520 SUPERIOR SUITE 360|NEWPORT BEACH|CA|92663,33.625204,-117.928767,2026-04-17T09:12:27.536472
1708 S YAKIMA AVE|TACOMA|WA|98405,47.247626,-122.4686,2026-04-17T09:12:27.536474
413 LILY RD NE MS LLH21|OLYMPIA|WA|98506,47.073062,-122.867507,2026-04-17T09:12:27.536476
3303 SW BOND AVE|PORTLAND|OR|97239,45.489938,-122.690453,2026-04-17T09:12:27.536479
110 DELPHI RD NW STE 101|OLYMPIA|WA|98502,47.070532,-122.951128,2026-04-17T09:12:27.536481
815 K STREET|HOQUIAM|WA|98550,46.984787,-123.888536,2026-04-17T09:12:27.536483
1044 11TH AVE|LONGVIEW|WA|98632,46.157953,-122.941369,2026-04-17T09:12:27.536485
14200 W CELEBRATE LIFE WAY|GOODYEAR|AZ|85338,33.403412,-112.419396,2026-04-17T09:12:27.536488
145 LILLY RD NW|OLYMPIA|WA|98506,47.073062,-122.867507,2026-04-17T09:12:27.536490
1608 S J ST 3RD FLR|TACOMA|WA|98405,47.247626,-122.4686,2026-04-17T09:12:27.536492
1220 W 1ST ST|CENTRALIA|WA|98531,46.775062,-122.989221,2026-04-17T09:12:27.536494
"505 NE 87TH AVE, SUITE 301          NGVIEW 2ND).|VANCOUVER, WA 98664|WA|98664",45.61951,-122.577179,2026-04-17T09:12:27.536497
800 ALDER ST|SOUTH BEND|WA|98586,46.654148,-123.83686,2026-04-17T09:12:27.536499
4245 ROOSEVELT WAY NE|SEATTLE|WA|98105,47.659861,-122.284977,2026-04-17T09:12:27.536503
1905 EXCHANGE ST.|ASTORIA|OR|97103,46.13334,-123.698966,2026-04-17T09:12:27.536506
145 LILLY RD NE|OLYMPIA|WA|98506,47.073062,-122.867507,2026-04-17T09:12:27.536508
914 S SCHUEBER RD|CENTRALIA|WA|98531,46.775062,-122.989221,2026-04-17T09:12:27.536510
201 CEDAR ST SE|ALBUQUERQUE|NM|87106,35.007139,-106.60982,2026-04-17T09:12:27.536512
1135 116TH AVE NE SUITE 200|BELLEVUE|WA|98004,47.618337,-122.205341,2026-04-17T09:12:27.536514
9600 VETERANS DR SW|LAKEWOOD|WA|98498,47.166725,-122.547896,2026-04-17T09:12:27.536516
1560 N 115TH ST|SEATTLE|WA|98133,47.740485,-122.342826,2026-04-17T09:12:27.536518
304 WEST BAY DR|OLYMPIA|WA|98502,47.070532,-122.951128,2026-04-17T09:12:27.536521
4245 ROOSEVELT WY NE|SEATTLE|WA|98105,47.659861,-122.284977,2026-04-17T09:12:27.536523
2920 S MERIDIAN|PUYALLUP|WA|98373,47.161258,-122.324801,2026-04-17T09:12:27.536525
1624 S IST STE 204|TACOMA|WA|98405,47.247626,-122.4686,2026-04-17T09:12:27.536527
1793 13TH ST SE|SALEM|OR|97302,44.903176,-123.064432,2026-04-17T09:12:27.536530
9205 SW BARNES RD|PORTLAND|OR|97225,45.503048,-122.770132,2026-04-17T09:12:27.536532
1608 S J ST FL 5|TACOMA|WA|98405,47.247626,-122.4686,2026-04-17T09:12:27.536535
515 W MAIN ST|ELMA|WA|98541,46.983928,-123.356174,2026-04-17T09:12:27.536537
914 S SCHEUBER RD|ZYYTRALIA|WA|98531,46.775062,-122.989221,2026-04-17T09:12:27.536540
412 BLACK HILLS LANE SW|OLYMPIA|WA|98502,47.070532,-122.951128,2026-04-17T09:12:27.536542
"1560 N 115TH ST, STE G-10|SEATTLE|WA|98133",47.740485,-122.342826,2026-04-17T09:12:27.536545
915 6TH AVE|TACOMA|WA|98405,47.247626,-122.4686,2026-04-17T09:12:27.536547
3150 EAST 27TH AVE|SPOKANE|WA|99223,47.597087,-117.317796,2026-04-17T09:12:27.536549
1040 NW 22ND AVE STE 560|PORTLAND|OR|97210,45.545484,-122.736853,2026-04-17T09:12:27.536551
1607 COOPER PT RD NW|OLYMPIA|WA|98502,47.070532,-122.951128,2026-04-17T09:12:27.536553
915 6TH AVE|TACOMA|WA|98407,47.284212,-122.50725,2026-04-17T09:12:27.536556
931 HIGHLAND BLVD|BOZEMAN|MT|59715,45.693722,-110.906093,2026-04-17T09:12:27.536558
413 LILLY RD NE|OLYMPIA|WA|98508,46.958822,-123.076235,2026-04-17T09:12:27.536560
121 N DIVISION|AUBURN|WA|98001,47.312975,-122.271801,2026-04-17T09:12:27.536562
"4033 TALBOT RD S, STE 500|RENTON|WA|98055",47.447982,-122.200482,2026-04-17T09:12:27.536564
4535 3RD AVE SE|LACEY|WA|98503,47.024362,-122.804474,2026-04-17T09:12:27.536566
201 16TH AVENUE EAST|SEATTLE|WA|98112,47.63752,-122.287651,2026-04-17T09:12:27.536568
4033 TALBOT RD S STE 540|RENTON|WA|98055,47.447982,-122.200482,2026-04-17T09:12:27.536570
1849 NW KEARNEY ST|PORTLAND|OR|97209,45.531124,-122.683951,2026-04-17T09:12:27.536572
2151 N HARBOR BLVD|FULLERTON|CA|92835,33.900573,-117.914667,2026-04-17T09:12:27.536578
1519 3RD ST SE|PUYALLUP|WA|98372,47.228481,-122.282553,2026-04-17T09:12:27.536580
1100 9TH AVENUE C6-GS|SEATTLE|WA|98101,47.610902,-122.336422,2026-04-17T09:12:27.536582
3124 S 19TH ST|TACOMA|WA|98405,47.247626,-122.4686,2026-04-17T09:12:27.536584
1717 S J ST|TACOMA|WA|98405,47.247626,-122.4686,2026-04-17T09:12:27.536586
8821 NE 5TH STREET|VANCOUVER|WA|98664,45.61951,-122.577179,2026-04-17T09:12:27.536588
400 15TH AVENUE SE SUITE A|PUYALLUP|WA|98372,47.228481,-122.282553,2026-04-17T09:12:27.536590
"1020 ANDERSON DR, STE 203|ABERDEEN|WA|98520",46.976395,-123.794822,2026-04-17T09:12:27.536592
2001 DWIGHT WAY|BERKELEY|CA|94704,37.866417,-122.260922,2026-04-17T09:12:27.536594
10745 DOUBLE R BLVD|RENO|NV|89521,39.371633,-119.675912,2026-04-17T09:12:27.536597
11307 BRIDGEPORT WAY SW STE 217|LAKEWOOD|WA|98499,47.174346,-122.479984,2026-04-17T09:12:27.536599
1200 BASICH BLVD|ABERDEEN|WA|98520,46.976395,-123.794822,2026-04-17T09:12:27.536601
600 E MAIN ST|MCCLEARY|WA|98557,47.055814,-123.26806,2026-04-17T09:12:27.536604
1145 BROADWAY|SEATTLE|WA|98122,47.609503,-122.295593,2026-04-17T09:12:27.536606
3375 SW TERWILLIGER BLVD|PORTLAND|OR|97239,45.489938,-122.690453,2026-04-17T09:12:27.536608
500 LILLY RD|OLYPMPIA|WA|98506,47.073062,-122.867507,2026-04-17T09:12:27.536610
2121 NE 139TH ST|VANCOUVER|WA|98686,45.723305,-122.62187,2026-04-17T09:12:27.536612
314 NE THORNTON PLACE|SEATTLE|WA|98125,47.716053,-122.302233,2026-04-17T09:12:27.536615
201 15TH AVE E|SEATTLE|WA|98112,47.63752,-122.287651,2026-04-17T09:12:27.536617
240 S PARK CIRCLE E|ST AUGUSTINE|FL|32086,29.740948,-81.30016,2026-04-17T09:12:27.536619
2920 S MERIDIAN ST|PUYALLUP|WA|98372,47.228481,-122.282553,2026-04-17T09:12:27.536621
2218 SIMPSON AVE|ABERDEEN|WA|98520,46.976395,-123.794822,2026-04-17T09:12:27.536623
1450 NW LANE SE|LACEY|WA|98503,47.024362,-122.804474,2026-04-17T09:12:27.536625
265 COHASSET RD|CHICO|CA|95926,39.74577,-121.843938,2026-04-17T09:12:27.536627
1003 S 5TH ST|TACOMA|WA|98402,47.25383,-122.444295,2026-04-17T09:12:27.536629
625 9TH AVE STE 120|LONGVIEW|WA|98632,46.157953,-122.941369,2026-04-17T09:12:27.536631
1802 S YAKIMA AVE|TACOMA|WA|98405,47.247626,-122.4686,2026-04-17T09:12:27.536633
406-A BLACK HILLS LN SW|OLYMPIA|WA|98502,47.070532,-122.951128,2026-04-17T09:12:27.536636
11011 MERIDIAN AVE N|SEATTLE|WA|98133,47.740485,-122.342826,2026-04-17T09:12:27.536638
406 BLACK HILLS LN SW|OLYMPIA|WA|98502,47.070532,-122.951128,2026-04-17T09:12:27.536640
1802 S YAKIMA AVE STE 102|TACOMA|WA|98405,47.247626,-122.4686,2026-04-17T09:12:27.536642
5615 W SUNSET HWY|SPOKANE|WA|99224,47.647672,-117.534951,2026-04-17T09:12:27.536644
597 POINT BROWN AVE NW|OCEAN SHORES|WA|98569,47.005127,-124.16109,2026-04-17T09:12:27.536646
1200 COOPER POINT RD SW|OLYMPIA|WA|98502,47.070532,-122.951128,2026-04-17T09:12:27.536649
224 NORTH WASHINGTON ST|PORT ANGELES|WA|98362,48.110566,-123.414493,2026-04-17T09:12:27.536651
3600 NORTH INTERSTATE AVENUE|PORTLAND|OR|97227,45.544151,-122.677095,2026-04-17T09:12:27.536653
11311 BRIDGEPORT WAY SW STE 309|LAKEWOOD|WA|98499,47.174346,-122.479984,2026-04-17T09:12:27.536655
1615 DELAWARE STREET|LONGVIEW|WA|98632,46.157953,-122.941369,2026-04-17T09:12:27.536657
1010 S SCHEUBER ROAD|CENTRALIA|WA|98531,46.775062,-122.989221,2026-04-17T09:12:27.536659
2940 S MERIDIAN|PUYALLUP|WA|98373,47.161258,-122.324801,2026-04-17T09:12:27.536661
9040A JACKSON AVE|TACOMA|WA|98431,47.208981,-122.472399,2026-04-17T09:12:27.536663
1624 S ST|TACOMA|WA|98405,47.247626,-122.4686,2026-04-17T09:12:27.536665
201 TAHOMA BLVD SE|YELM|WA|98597,46.903256,-122.570951,2026-04-17T09:12:27.536668
9604 HOLLY POINT DRIVE|HUNTERSVILLE|NC|28078,35.404779,-80.866541,2026-04-17T09:12:27.536670
310 15TH AVE E|SEATTLE|WA|98112,47.63752,-122.287651,2026-04-17T09:12:27.536672
275 BRONSON WAY NE|RENTON|WA|98056,47.510582,-122.183386,2026-04-17T09:12:27.536674
900 LILLY RD|OLYMPIA|WA|98501,47.007719,-122.874136,2026-04-17T09:12:27.536676
800 5TH AVENUE|SEATTLE|WA|98104,47.601537,-122.329208,2026-04-17T09:12:27.536678
1708 S YAKIMA AVE STE 310|TACOMA|WA|98405,47.247626,-122.4686,2026-04-17T09:12:27.536680
825 EASTLAKE AVE E|SEATTLE|WA|98195,47.653833,-122.308348,2026-04-17T09:12:27.536682
21822 76TH AVE W|EDMONDS|WA|98026,47.810165,-122.342193,2026-04-17T09:12:27.536684
P.O. BOX 34589|SEATTLE|WA|98124,47.606211,-122.333792,2026-04-17T09:12:27.536687
4001 HARRISON AVE NW|OLYMPIA|WA|98502,47.070532,-122.951128,2026-04-17T09:12:27.536689
"1802 S YAKIMA AVE, STE 102|TACOMA|WA|98405",47.247626,-122.4686,2026-04-17T09:12:27.536691
1201 PACIFIC AVE|TACOMA|WA|98042,47.363999,-122.116351,2026-04-17T09:12:27.536693
3901 CAPITAL MALL DRIVE SW|OLYMPIA|WA|98502,47.070532,-122.951128,2026-04-17T09:12:27.536695
1706 WASHINGTON WAY|LONGVIEW|WA|98632,46.157953,-122.941369,2026-04-17T09:12:27.536697
3510 FOREST LAKE NE|OLYMPIA|WA|98506,47.073062,-122.867507,2026-04-17T09:12:27.536700
505 NE 87TH AVE|VANCOUVER|WA|98664,45.61951,-122.577179,2026-04-17T09:12:27.536702
121 W K ST|SHELTON|WA|98584,47.177996,-123.056342,2026-04-17T09:12:27.536705
10217 125TH ST CT E|PUYALLUP|WA|98374,47.130727,-122.267088,2026-04-17T09:12:27.536707
3425 ENSIGN RD NE|LACEY|WA|98506,47.073062,-122.867507,2026-04-17T09:12:27.536709
815 K ST|HOQUIAM|WA|98550,46.984787,-123.888536,2026-04-17T09:12:27.536711
3703 ENSIGN RD NE|OLYMPIA|WA|98503,47.024362,-122.804474,2026-04-17T09:12:27.536713
700 NE 87TH AVE|VANCOUVER|WA|98664,45.61951,-122.577179,2026-04-17T09:12:27.536715
"1608 S J ST, FLR 5|TACOMA|WA|98405",47.247626,-122.4686,2026-04-17T09:12:27.536717
11511 CANTERWOOD BOULEVARD NW|GIG HARBOR|WA|98332,47.356307,-122.587923,2026-04-17T09:12:27.536719
914 S SCHEUBER ROAD|CENTRALIA|WA|98531,46.775062,-122.989221,2026-04-17T09:12:27.536721
108 KINDLE RD|RANDLE|WA|98377,46.488376,-121.851417,2026-04-17T09:12:27.536723
5130 CORPORATE CENTER CT SE|LACEY|WA|98503,47.024362,-122.804474,2026-04-17T09:12:27.536725
820 N CHELAN AVE|WENATCHEE|WA|98801,47.431512,-120.345038,2026-04-17T09:12:27.536727
1624 SOUTH I STREET|TACOMA|WA|98405,47.247626,-122.4686,2026-04-17T09:12:27.536729
1003 SOUTH 5TH ST.|TACOMA|WA|98405,47.247626,-122.4686,2026-04-17T09:12:27.536731
1450 NORTHWEST LN SE|LACEY|WA|98503,47.024362,-122.804474,2026-04-17T09:12:27.536734
1802 S YAKIMA STE 102|TACOMA|WA|98405,47.247626,-122.4686,2026-04-17T09:12:27.536736
1501 N CAMPBELL AVE|TUCSON|AZ|85724,32.240787,-110.945605,2026-04-17T09:12:27.536738
625 9TH AVE|LONGVIEW|WA|98632,46.157953,-122.941369,2026-04-17T09:12:27.536740
3773 C MARTIN WAY E|OLYMPIA|WA|98506,47.073062,-122.867507,2026-04-17T09:12:27.536742
3303 S BOND AVE|PORTLAND|OR|97239,45.489938,-122.690453,2026-04-17T09:12:27.536744
1660 S COLUMBIA WAY|SEATTLE|WA|98108,47.535065,-122.305931,2026-04-17T09:12:27.536746
1 VALLEY HEALTH PLZ|PARAMUS|NJ|07652,40.947299,-74.070169,2026-04-17T09:12:27.536748
176 FIRST AVE N|ILWACO|WA|98624,46.308527,-124.039605,2026-04-17T09:12:27.536751
400 15TH AVE SE|PUYALLUP|WA|98372,47.228481,-122.282553,2026-04-17T09:12:27.536753
1204 N VERCLER RD|SPOKANE|WA|99216,47.686361,-117.216702,2026-04-17T09:12:27.536755
1231 116TH AVE NE|BELLEVUE|WA|98004,47.618337,-122.205341,2026-04-17T09:12:27.536757
"1338 COMMERCE AVE, STE 106|LONGVIEW|WA|98632",46.157953,-122.941369,2026-04-17T09:12:27.536759
6007 E BASELINE RD|MESA|AZ|85206,33.397432,-111.7165,2026-04-17T09:12:27.536761
9135 SW BARNES RD|PORTLAND|OR|97225,45.503048,-122.770132,2026-04-17T09:12:27.536763
597 POINT BROWN AVE|OCEAN SHORES|WA|98569,47.005127,-124.16109,2026-04-17T09:12:27.536765
4545 POINT FOSDICK DR|GIG HARBOR|WA|98335,47.312965,-122.592697,2026-04-17T09:12:27.536767
3825 MARTIN WAY E|OLYMPIA|WA|98506,47.073062,-122.867507,2026-04-17T09:12:27.536770
1608 S J ST|TACOMA|WA|98405,47.247626,-122.4686,2026-04-17T09:12:27.536772
9398 RIDGETOP BLVD NW|SILVERDALE|WA|98383,47.66291,-122.718605,2026-04-17T09:12:27.536774
1801 1ST AVE STE 3A|LONGVIEW|WA|98632,46.157953,-122.941369,2026-04-17T09:12:27.536776
510 RAINIER AVE SOUTH|SEATTLE|WA|98144,47.585627,-122.29196,2026-04-17T09:12:27.536778
1959 NE PACIFIC ST|SEATTLE|WA|98105,47.659861,-122.284977,2026-04-17T09:12:27.536781
"11011 MERIDIAN AVE N, STE 101|SEATTLE|WA|98133",47.740485,-122.342826,2026-04-17T09:12:27.536783
1900 MYHRE RD|SILVERDALE|WA|98383,47.66291,-122.718605,2026-04-17T09:12:27.536785
2720 CLARE AVE STE A|BREMERTON|WA|98310,47.588113,-122.623885,2026-04-17T09:12:27.536787
600 E MAIN ST|ELMA|WA|98541,46.983928,-123.356174,2026-04-17T09:12:27.536789
16233 SYLVESTER ROAD SW|BURIEN|WA|98166,47.45661,-122.349735,2026-04-17T09:12:27.536791
1609 S MAIN AVE|WARRENTON|OR|97146,46.12514,-123.911368,2026-04-17T09:12:27.536793
1221 MADISON ST 1ST FL|SEATTLE|WA|98104,47.601537,-122.329208,2026-04-17T09:12:27.536795
11311 BRIDGEPORT WY SW|LAKEWOOD|WA|98499,47.174346,-122.479984,2026-04-17T09:12:27.536797
100 N TRIBAL CENTER RD|SKOKOMISH NATION|WA|98584,47.177996,-123.056342,2026-04-17T09:12:27.536799
1536 N 115TH ST|SEATTLE|WA|98133,47.740485,-122.342826,2026-04-17T09:12:27.536801
11315 BRIDGEPORT WAY SW|LAKEWOOD|WA|98499,47.174346,-122.479984,2026-04-17T09:12:27.536803
4545 PT FOSDICK DR NW|GIG HARBOR|WA|98335,47.312965,-122.592697,2026-04-17T09:12:27.536805
1321 NE 99TH AVE|PORTLAND|OR|97220,45.550787,-122.55956,2026-04-17T09:12:27.536807
11511 CANTERWOOD BLVD NW STE 140|GIG HARBOR|WA|98332,47.356307,-122.587923,2026-04-17T09:12:27.536809
200 LILLY RD NE|OLYMPIA|WA|98506,47.073062,-122.867507,2026-04-17T09:12:27.536811
1101 MADISON ST.|SEATTLE|WA|98102,47.634441,-122.32369,2026-04-17T09:12:27.536813
15700 SW GREYSTONE CT|BEAVERTON|OR|97006,45.52598,-122.855888,2026-04-17T09:12:27.536815
1221 MADISON STREET|SEATTLE|WA|98104,47.601537,-122.329208,2026-04-17T09:12:27.536817
333 SE 7TH AVE|HILLSBORO|OR|97123,45.444372,-122.976426,2026-04-17T09:12:27.536819
9505 S STEELE ST|TACOMA|WA|98444,47.164022,-122.451457,2026-04-17T09:12:27.536822
1600 S COLUMBIAN WAY|SEATTLE|WA|98108,47.535065,-122.305931,2026-04-17T09:12:27.536824
2505 2ND AVE|SEATTLE|WA|98121,47.615192,-122.350581,2026-04-17T09:12:27.536826
"1624 S I ST, STE 102|TACOMA|WA|98405",47.247626,-122.4686,2026-04-17T09:12:27.536828
1100 9TH AVE MS M4-PA|SEATTLE|WA|98101,47.610902,-122.336422,2026-04-17T09:12:27.536830
161 FT. WASHINGTON AVENUE|NEW YORK|NY|10032,40.839041,-73.942812,2026-04-17T09:12:27.536832
410 9TH AVE|SEATTLE|WA|98104,47.601537,-122.329208,2026-04-17T09:12:27.536834
826 ALDER ST|SOUTH BEND|WA|98586,46.654148,-123.83686,2026-04-17T09:12:27.536837
3030 LIMITED LN NW|OLYMPIA|WA|98502,47.070532,-122.951128,2026-04-17T09:12:27.536839
1100 NINTH AVE|SEATTLE|WA|98104,47.601537,-122.329208,2026-04-17T09:12:27.536843
2090 NE WYATT COURT|BEND|OR|97701,43.997656,-121.034191,2026-04-17T09:12:27.536845
6800 E GREEN LAKE WAY N|SEATTLE|WA|98115,47.684643,-122.299997,2026-04-17T09:12:27.536847
3825 MARTIN WAY E STE 104|OLYMPIA|WA|98506,47.073062,-122.867507,2026-04-17T09:12:27.536849
"1925 NW AMBERGLEN PKWY, STE 300|HILLSBORO|OR|97006",45.52598,-122.855888,2026-04-17T09:12:27.536851
1802 S UNION AVE|TACOMA|WA|98405,47.247626,-122.4686,2026-04-17T09:12:27.536854
1101 MADISON|SEATTLE|WA|98104,47.601537,-122.329208,2026-04-17T09:12:27.536856
1801 W ROMNEYA DR|ANAHEIM|CA|92801,33.844983,-117.952151,2026-04-17T09:12:27.536858
"1006 NORTH ""H"" STREET|ABERDEEN|WA|98520",46.976395,-123.794822,2026-04-17T09:12:27.536860
3710 SW US VETERANS CENTER RD|PORTLAND|OR|97239,45.489938,-122.690453,2026-04-17T09:12:27.536862
915 ANDERSON DR|ABERDEEN|WA|98520,46.976395,-123.794822,2026-04-17T09:12:27.536864
3900 FACTORIA BLVD SE|BELLEVUE|WA|98006,47.558679,-122.150125,2026-04-17T09:12:27.536866
1608 S JST FLOOR 3|TACOMA|WA|98405,47.247626,-122.4686,2026-04-17T09:12:27.536868
20 S PARK ST|MADISON|WI|53715,43.05561,-89.387808,2026-04-17T09:12:27.536870
24261 US HWY 101|HOODSPORT|WA|98548,47.405966,-123.141241,2026-04-21T13:47:29.832224
2501 NE 134TH ST|VANCOUVER|WA|98686,45.630695,-122.674456,2026-04-21T13:47:33.071378
11307 BRIDGEPORT WAY SW|LAKEWOOD|WA|98499,47.154882,-122.501073,2026-04-21T13:47:33.996304
9600 VETERANS DR SW|TACOMA|WA|98498,47.13505,-122.575309,2026-04-21T13:47:36.723248
2555 MARVIN ROAD NE|LACEY|WA|98516,47.071089,-122.772948,2026-05-16T14:42:44.843128
PO BOX 2229|WEST PORT|WA|98595,46.889112,-124.110938,2026-05-16T14:42:48.230966
10452 SILVERDALE WAY NW|SILVERDALE|WA|98383,47.658042,-122.686678,2026-05-16T14:42:49.439534
3700 PACIFIC HWY E|FIFE|WA|98424,47.241771,-122.37889,2026-05-16T14:42:50.937974
